id,category,error_name,user_error_text,symptoms,cause,step_1,step_2,step_3,step_4,step_5,verification,risk,os_version,device_type,tag,log_snippet
BOOT-001,Boot / Startup Error,Automatic Repair Loop,Automatic Repair Loop appears after power on and won't let me reach desktop,PC keeps entering Automatic Repair and can't reach desktop,"Corrupt system files, failed update, or disk errors causing repair loop","Power off, wait 10s and power on again. If still in loop, continue.",Force Windows to Recovery by interrupting boot 2–3 times (power-off during logo) to reach Advanced Options.,Select Troubleshoot → Advanced options → Startup Repair and follow prompts.,"If startup repair fails, open Command Prompt and run: bootrec /fixmbr, bootrec /fixboot, bootrec /rebuildbcd","If still failing, run chkdsk C: /f /r and consider System Restore or Reset this PC.",System boots to desktop without boot errors after completing steps and multiple restarts.,low,Windows 11,Laptop,Boot,BootMgr: Automatic Repair Loop - missing critical file
BOOT-002,Boot / Startup Error,Automatic Repair Loop,I see Automatic Repair Loop and Windows restarts repeatedly,PC keeps entering Automatic Repair and can't reach desktop,"Corrupt system files, failed update, or disk errors causing repair loop","Power off, wait 10s and power on again. If still in loop, continue.",Force Windows to Recovery by interrupting boot 2–3 times (power-off during logo) to reach Advanced Options.,Select Troubleshoot → Advanced options → Startup Repair and follow prompts.,"If startup repair fails, open Command Prompt and run: bootrec /fixmbr, bootrec /fixboot, bootrec /rebuildbcd","If still failing, run chkdsk C: /f /r and consider System Restore or Reset this PC.",System boots to desktop without boot errors after completing steps and multiple restarts.,high,Windows 10,Laptop,Boot,UEFI: Automatic Repair Loop secure boot check failed
BOOT-003,Boot / Startup Error,Automatic Repair Loop,Boot stops with Automatic Repair Loop and shows advanced options,PC keeps entering Automatic Repair and can't reach desktop,"Corrupt system files, failed update, or disk errors causing repair loop","Power off, wait 10s and power on again. If still in loop, continue.",Force Windows to Recovery by interrupting boot 2–3 times (power-off during logo) to reach Advanced Options.,Select Troubleshoot → Advanced options → Startup Repair and follow prompts.,"If startup repair fails, open Command Prompt and run: bootrec /fixmbr, bootrec /fixboot, bootrec /rebuildbcd","If still failing, run chkdsk C: /f /r and consider System Restore or Reset this PC.",System boots to desktop without boot errors after completing steps and multiple restarts.,low,Windows 10,Laptop,Boot,BootMgr: Automatic Repair Loop - missing critical file
BOOT-004,Boot / Startup Error,Automatic Repair Loop,Boot issue: Automatic Repair Loop shown and system cannot start,PC keeps entering Automatic Repair and can't reach desktop,"Corrupt system files, failed update, or disk errors causing repair loop","Power off, wait 10s and power on again. If still in loop, continue.",Force Windows to Recovery by interrupting boot 2–3 times (power-off during logo) to reach Advanced Options.,Select Troubleshoot → Advanced options → Startup Repair and follow prompts.,"If startup repair fails, open Command Prompt and run: bootrec /fixmbr, bootrec /fixboot, bootrec /rebuildbcd","If still failing, run chkdsk C: /f /r and consider System Restore or Reset this PC.",System boots to desktop without boot errors after completing steps and multiple restarts.,high,Windows 10,Laptop,Boot,UEFI: Automatic Repair Loop secure boot check failed
BOOT-005,Boot / Startup Error,Automatic Repair Loop,Boot stops with Automatic Repair Loop and shows advanced options,PC keeps entering Automatic Repair and can't reach desktop,"Corrupt system files, failed update, or disk errors causing repair loop","Power off, wait 10s and power on again. If still in loop, continue.",Force Windows to Recovery by interrupting boot 2–3 times (power-off during logo) to reach Advanced Options.,Select Troubleshoot → Advanced options → Startup Repair and follow prompts.,"If startup repair fails, open Command Prompt and run: bootrec /fixmbr, bootrec /fixboot, bootrec /rebuildbcd","If still failing, run chkdsk C: /f /r and consider System Restore or Reset this PC.",System boots to desktop without boot errors after completing steps and multiple restarts.,low,Windows 11,Desktop,Boot,StartupRepair: Automatic Repair Loop failed to repair automatic boot issue
BOOT-006,Boot / Startup Error,Automatic Repair Loop,I see Automatic Repair Loop and Windows restarts repeatedly,PC keeps entering Automatic Repair and can't reach desktop,"Corrupt system files, failed update, or disk errors causing repair loop","Power off, wait 10s and power on again. If still in loop, continue.",Force Windows to Recovery by interrupting boot 2–3 times (power-off during logo) to reach Advanced Options.,Select Troubleshoot → Advanced options → Startup Repair and follow prompts.,"If startup repair fails, open Command Prompt and run: bootrec /fixmbr, bootrec /fixboot, bootrec /rebuildbcd","If still failing, run chkdsk C: /f /r and consider System Restore or Reset this PC.",System boots to desktop without boot errors after completing steps and multiple restarts.,high,Windows 11,Desktop,Boot,SrtTrail: Automatic Repair Loop - see C:\Windows\System32\Logfiles\Srt\SrtTrail.txt
BOOT-007,Boot / Startup Error,Automatic Repair Loop,I see Automatic Repair Loop and Windows restarts repeatedly,PC keeps entering Automatic Repair and can't reach desktop,"Corrupt system files, failed update, or disk errors causing repair loop","Power off, wait 10s and power on again. If still in loop, continue.",Force Windows to Recovery by interrupting boot 2–3 times (power-off during logo) to reach Advanced Options.,Select Troubleshoot → Advanced options → Startup Repair and follow prompts.,"If startup repair fails, open Command Prompt and run: bootrec /fixmbr, bootrec /fixboot, bootrec /rebuildbcd","If still failing, run chkdsk C: /f /r and consider System Restore or Reset this PC.",System boots to desktop without boot errors after completing steps and multiple restarts.,low,Windows 11,Laptop,Boot,StartupRepair: Automatic Repair Loop failed to repair automatic boot issue
BOOT-008,Boot / Startup Error,Automatic Repair Loop,Boot stops with Automatic Repair Loop and shows advanced options,PC keeps entering Automatic Repair and can't reach desktop,"Corrupt system files, failed update, or disk errors causing repair loop","Power off, wait 10s and power on again. If still in loop, continue.",Force Windows to Recovery by interrupting boot 2–3 times (power-off during logo) to reach Advanced Options.,Select Troubleshoot → Advanced options → Startup Repair and follow prompts.,"If startup repair fails, open Command Prompt and run: bootrec /fixmbr, bootrec /fixboot, bootrec /rebuildbcd","If still failing, run chkdsk C: /f /r and consider System Restore or Reset this PC.",System boots to desktop without boot errors after completing steps and multiple restarts.,low,Windows 11,Desktop,Boot,UEFI: Automatic Repair Loop secure boot check failed
BOOT-009,Boot / Startup Error,Automatic Repair Loop,"After update, Automatic Repair Loop started happening at boot",PC keeps entering Automatic Repair and can't reach desktop,"Corrupt system files, failed update, or disk errors causing repair loop","Power off, wait 10s and power on again. If still in loop, continue.",Force Windows to Recovery by interrupting boot 2–3 times (power-off during logo) to reach Advanced Options.,Select Troubleshoot → Advanced options → Startup Repair and follow prompts.,"If startup repair fails, open Command Prompt and run: bootrec /fixmbr, bootrec /fixboot, bootrec /rebuildbcd","If still failing, run chkdsk C: /f /r and consider System Restore or Reset this PC.",System boots to desktop without boot errors after completing steps and multiple restarts.,low,Windows 11,Laptop,Boot,Winload: Automatic Repair Loop - failure during bootloader stage
BOOT-010,Boot / Startup Error,Automatic Repair Loop,Automatic Repair Loop appears after power on and won't let me reach desktop,PC keeps entering Automatic Repair and can't reach desktop,"Corrupt system files, failed update, or disk errors causing repair loop","Power off, wait 10s and power on again. If still in loop, continue.",Force Windows to Recovery by interrupting boot 2–3 times (power-off during logo) to reach Advanced Options.,Select Troubleshoot → Advanced options → Startup Repair and follow prompts.,"If startup repair fails, open Command Prompt and run: bootrec /fixmbr, bootrec /fixboot, bootrec /rebuildbcd","If still failing, run chkdsk C: /f /r and consider System Restore or Reset this PC.",System boots to desktop without boot errors after completing steps and multiple restarts.,high,Windows 11,Desktop,Boot,UEFI: Automatic Repair Loop secure boot check failed
BOOT-011,Boot / Startup Error,Bootmgr is missing,Boot issue: Bootmgr is missing shown and system cannot start,Boot stops early with 'BOOTMGR is missing' message,Corrupt/missing boot files or wrong boot device selected,Ensure no USB/DVD is set as primary boot device; remove external drives and restart.,Boot into Recovery (force-shutdown during boot 2–3x) → Advanced options → Command Prompt.,Run: bootrec /fixmbr and bootrec /rebuildbcd then restart.,"If still shows, verify disk cables (desktop) or check BIOS boot order to ensure correct drive is first.",Use 'Startup Repair' or reinstall Windows if boot files cannot be restored.,System boots to desktop without boot errors after completing steps and multiple restarts.,high,Windows 10,Laptop,Boot,BootMgr: Bootmgr is missing - missing critical file
BOOT-012,Boot / Startup Error,Bootmgr is missing,"After update, Bootmgr is missing started happening at boot",Boot stops early with 'BOOTMGR is missing' message,Corrupt/missing boot files or wrong boot device selected,Ensure no USB/DVD is set as primary boot device; remove external drives and restart.,Boot into Recovery (force-shutdown during boot 2–3x) → Advanced options → Command Prompt.,Run: bootrec /fixmbr and bootrec /rebuildbcd then restart.,"If still shows, verify disk cables (desktop) or check BIOS boot order to ensure correct drive is first.",Use 'Startup Repair' or reinstall Windows if boot files cannot be restored.,System boots to desktop without boot errors after completing steps and multiple restarts.,low,Windows 10,Laptop,Boot,Winload: Bootmgr is missing - failure during bootloader stage
BOOT-013,Boot / Startup Error,Bootmgr is missing,"After update, Bootmgr is missing started happening at boot",Boot stops early with 'BOOTMGR is missing' message,Corrupt/missing boot files or wrong boot device selected,Ensure no USB/DVD is set as primary boot device; remove external drives and restart.,Boot into Recovery (force-shutdown during boot 2–3x) → Advanced options → Command Prompt.,Run: bootrec /fixmbr and bootrec /rebuildbcd then restart.,"If still shows, verify disk cables (desktop) or check BIOS boot order to ensure correct drive is first.",Use 'Startup Repair' or reinstall Windows if boot files cannot be restored.,System boots to desktop without boot errors after completing steps and multiple restarts.,medium,Windows 11,Laptop,Boot,SrtTrail: Bootmgr is missing - see C:\Windows\System32\Logfiles\Srt\SrtTrail.txt
BOOT-014,Boot / Startup Error,Bootmgr is missing,Cannot boot — Bootmgr is missing shows on screen,Boot stops early with 'BOOTMGR is missing' message,Corrupt/missing boot files or wrong boot device selected,Ensure no USB/DVD is set as primary boot device; remove external drives and restart.,Boot into Recovery (force-shutdown during boot 2–3x) → Advanced options → Command Prompt.,Run: bootrec /fixmbr and bootrec /rebuildbcd then restart.,"If still shows, verify disk cables (desktop) or check BIOS boot order to ensure correct drive is first.",Use 'Startup Repair' or reinstall Windows if boot files cannot be restored.,System boots to desktop without boot errors after completing steps and multiple restarts.,low,Windows 11,Laptop,Boot,UEFI: Bootmgr is missing secure boot check failed
BOOT-015,Boot / Startup Error,Bootmgr is missing,I see Bootmgr is missing and Windows restarts repeatedly,Boot stops early with 'BOOTMGR is missing' message,Corrupt/missing boot files or wrong boot device selected,Ensure no USB/DVD is set as primary boot device; remove external drives and restart.,Boot into Recovery (force-shutdown during boot 2–3x) → Advanced options → Command Prompt.,Run: bootrec /fixmbr and bootrec /rebuildbcd then restart.,"If still shows, verify disk cables (desktop) or check BIOS boot order to ensure correct drive is first.",Use 'Startup Repair' or reinstall Windows if boot files cannot be restored.,System boots to desktop without boot errors after completing steps and multiple restarts.,high,Windows 10,Laptop,Boot,Winload: Bootmgr is missing - failure during bootloader stage
BOOT-016,Boot / Startup Error,Bootmgr is missing,Boot stops with Bootmgr is missing and shows advanced options,Boot stops early with 'BOOTMGR is missing' message,Corrupt/missing boot files or wrong boot device selected,Ensure no USB/DVD is set as primary boot device; remove external drives and restart.,Boot into Recovery (force-shutdown during boot 2–3x) → Advanced options → Command Prompt.,Run: bootrec /fixmbr and bootrec /rebuildbcd then restart.,"If still shows, verify disk cables (desktop) or check BIOS boot order to ensure correct drive is first.",Use 'Startup Repair' or reinstall Windows if boot files cannot be restored.,System boots to desktop without boot errors after completing steps and multiple restarts.,medium,Windows 10,Desktop,Boot,StartupRepair: Bootmgr is missing failed to repair automatic boot issue
BOOT-017,Boot / Startup Error,Bootmgr is missing,Boot issue: Bootmgr is missing shown and system cannot start,Boot stops early with 'BOOTMGR is missing' message,Corrupt/missing boot files or wrong boot device selected,Ensure no USB/DVD is set as primary boot device; remove external drives and restart.,Boot into Recovery (force-shutdown during boot 2–3x) → Advanced options → Command Prompt.,Run: bootrec /fixmbr and bootrec /rebuildbcd then restart.,"If still shows, verify disk cables (desktop) or check BIOS boot order to ensure correct drive is first.",Use 'Startup Repair' or reinstall Windows if boot files cannot be restored.,System boots to desktop without boot errors after completing steps and multiple restarts.,low,Windows 11,Desktop,Boot,SrtTrail: Bootmgr is missing - see C:\Windows\System32\Logfiles\Srt\SrtTrail.txt
BOOT-018,Boot / Startup Error,Bootmgr is missing,Bootmgr is missing appears after power on and won't let me reach desktop,Boot stops early with 'BOOTMGR is missing' message,Corrupt/missing boot files or wrong boot device selected,Ensure no USB/DVD is set as primary boot device; remove external drives and restart.,Boot into Recovery (force-shutdown during boot 2–3x) → Advanced options → Command Prompt.,Run: bootrec /fixmbr and bootrec /rebuildbcd then restart.,"If still shows, verify disk cables (desktop) or check BIOS boot order to ensure correct drive is first.",Use 'Startup Repair' or reinstall Windows if boot files cannot be restored.,System boots to desktop without boot errors after completing steps and multiple restarts.,low,Windows 11,Laptop,Boot,Winload: Bootmgr is missing - failure during bootloader stage
BOOT-019,Boot / Startup Error,Bootmgr is missing,Boot stops with Bootmgr is missing and shows advanced options,Boot stops early with 'BOOTMGR is missing' message,Corrupt/missing boot files or wrong boot device selected,Ensure no USB/DVD is set as primary boot device; remove external drives and restart.,Boot into Recovery (force-shutdown during boot 2–3x) → Advanced options → Command Prompt.,Run: bootrec /fixmbr and bootrec /rebuildbcd then restart.,"If still shows, verify disk cables (desktop) or check BIOS boot order to ensure correct drive is first.",Use 'Startup Repair' or reinstall Windows if boot files cannot be restored.,System boots to desktop without boot errors after completing steps and multiple restarts.,high,Windows 11,Laptop,Boot,SrtTrail: Bootmgr is missing - see C:\Windows\System32\Logfiles\Srt\SrtTrail.txt
BOOT-020,Boot / Startup Error,Bootmgr is missing,I see Bootmgr is missing and Windows restarts repeatedly,Boot stops early with 'BOOTMGR is missing' message,Corrupt/missing boot files or wrong boot device selected,Ensure no USB/DVD is set as primary boot device; remove external drives and restart.,Boot into Recovery (force-shutdown during boot 2–3x) → Advanced options → Command Prompt.,Run: bootrec /fixmbr and bootrec /rebuildbcd then restart.,"If still shows, verify disk cables (desktop) or check BIOS boot order to ensure correct drive is first.",Use 'Startup Repair' or reinstall Windows if boot files cannot be restored.,System boots to desktop without boot errors after completing steps and multiple restarts.,low,Windows 11,Desktop,Boot,UEFI: Bootmgr is missing secure boot check failed
BOOT-021,Boot / Startup Error,Error 0x74 (BAD_SYSTEM_CONFIG_INFO),Boot stops with Error 0x74 (BAD_SYSTEM_CONFIG_INFO) and shows advanced options,Blue screen with stop code 0x74 during boot; system won't start,"Corrupt BCD, registry, or recent system changes/driver updates",Power off and try Automatic Repair via Advanced Options.,Open Command Prompt from Advanced Options and run: bootrec /rebuildbcd,Run chkdsk C: /f /r to check disk integrity.,"If issue started after changes, use System Restore to revert to previous point.","If unresolved, use 'Reset this PC' → Keep my files or seek professional help.",System boots to desktop without boot errors after completing steps and multiple restarts.,medium,Windows 10,Laptop,Boot,UEFI: Error 0x74 (BAD_SYSTEM_CONFIG_INFO) secure boot check failed
BOOT-022,Boot / Startup Error,Error 0x74 (BAD_SYSTEM_CONFIG_INFO),Error Error 0x74 (BAD_SYSTEM_CONFIG_INFO) occurs and shows recovery options,Blue screen with stop code 0x74 during boot; system won't start,"Corrupt BCD, registry, or recent system changes/driver updates",Power off and try Automatic Repair via Advanced Options.,Open Command Prompt from Advanced Options and run: bootrec /rebuildbcd,Run chkdsk C: /f /r to check disk integrity.,"If issue started after changes, use System Restore to revert to previous point.","If unresolved, use 'Reset this PC' → Keep my files or seek professional help.",System boots to desktop without boot errors after completing steps and multiple restarts.,low,Windows 10,Laptop,Boot,BootMgr: Error 0x74 (BAD_SYSTEM_CONFIG_INFO) - missing critical file
BOOT-023,Boot / Startup Error,Error 0x74 (BAD_SYSTEM_CONFIG_INFO),I see Error 0x74 (BAD_SYSTEM_CONFIG_INFO) and Windows restarts repeatedly,Blue screen with stop code 0x74 during boot; system won't start,"Corrupt BCD, registry, or recent system changes/driver updates",Power off and try Automatic Repair via Advanced Options.,Open Command Prompt from Advanced Options and run: bootrec /rebuildbcd,Run chkdsk C: /f /r to check disk integrity.,"If issue started after changes, use System Restore to revert to previous point.","If unresolved, use 'Reset this PC' → Keep my files or seek professional help.",System boots to desktop without boot errors after completing steps and multiple restarts.,high,Windows 11,Laptop,Boot,Winload: Error 0x74 (BAD_SYSTEM_CONFIG_INFO) - failure during bootloader stage
BOOT-024,Boot / Startup Error,Error 0x74 (BAD_SYSTEM_CONFIG_INFO),Boot stops with Error 0x74 (BAD_SYSTEM_CONFIG_INFO) and shows advanced options,Blue screen with stop code 0x74 during boot; system won't start,"Corrupt BCD, registry, or recent system changes/driver updates",Power off and try Automatic Repair via Advanced Options.,Open Command Prompt from Advanced Options and run: bootrec /rebuildbcd,Run chkdsk C: /f /r to check disk integrity.,"If issue started after changes, use System Restore to revert to previous point.","If unresolved, use 'Reset this PC' → Keep my files or seek professional help.",System boots to desktop without boot errors after completing steps and multiple restarts.,high,Windows 11,Desktop,Boot,UEFI: Error 0x74 (BAD_SYSTEM_CONFIG_INFO) secure boot check failed
BOOT-025,Boot / Startup Error,Error 0x74 (BAD_SYSTEM_CONFIG_INFO),My PC is stuck in Error 0x74 (BAD_SYSTEM_CONFIG_INFO) and won't load Windows,Blue screen with stop code 0x74 during boot; system won't start,"Corrupt BCD, registry, or recent system changes/driver updates",Power off and try Automatic Repair via Advanced Options.,Open Command Prompt from Advanced Options and run: bootrec /rebuildbcd,Run chkdsk C: /f /r to check disk integrity.,"If issue started after changes, use System Restore to revert to previous point.","If unresolved, use 'Reset this PC' → Keep my files or seek professional help.",System boots to desktop without boot errors after completing steps and multiple restarts.,high,Windows 10,Desktop,Boot,SrtTrail: Error 0x74 (BAD_SYSTEM_CONFIG_INFO) - see C:\Windows\System32\Logfiles\Srt\SrtTrail.txt
BOOT-026,Boot / Startup Error,Error 0x74 (BAD_SYSTEM_CONFIG_INFO),Error 0x74 (BAD_SYSTEM_CONFIG_INFO) appears after power on and won't let me reach desktop,Blue screen with stop code 0x74 during boot; system won't start,"Corrupt BCD, registry, or recent system changes/driver updates",Power off and try Automatic Repair via Advanced Options.,Open Command Prompt from Advanced Options and run: bootrec /rebuildbcd,Run chkdsk C: /f /r to check disk integrity.,"If issue started after changes, use System Restore to revert to previous point.","If unresolved, use 'Reset this PC' → Keep my files or seek professional help.",System boots to desktop without boot errors after completing steps and multiple restarts.,medium,Windows 11,Laptop,Boot,Winload: Error 0x74 (BAD_SYSTEM_CONFIG_INFO) - failure during bootloader stage
BOOT-027,Boot / Startup Error,Error 0x74 (BAD_SYSTEM_CONFIG_INFO),My PC is stuck in Error 0x74 (BAD_SYSTEM_CONFIG_INFO) and won't load Windows,Blue screen with stop code 0x74 during boot; system won't start,"Corrupt BCD, registry, or recent system changes/driver updates",Power off and try Automatic Repair via Advanced Options.,Open Command Prompt from Advanced Options and run: bootrec /rebuildbcd,Run chkdsk C: /f /r to check disk integrity.,"If issue started after changes, use System Restore to revert to previous point.","If unresolved, use 'Reset this PC' → Keep my files or seek professional help.",System boots to desktop without boot errors after completing steps and multiple restarts.,high,Windows 11,Laptop,Boot,UEFI: Error 0x74 (BAD_SYSTEM_CONFIG_INFO) secure boot check failed
BOOT-028,Boot / Startup Error,Error 0x74 (BAD_SYSTEM_CONFIG_INFO),Error 0x74 (BAD_SYSTEM_CONFIG_INFO) appears after power on and won't let me reach desktop,Blue screen with stop code 0x74 during boot; system won't start,"Corrupt BCD, registry, or recent system changes/driver updates",Power off and try Automatic Repair via Advanced Options.,Open Command Prompt from Advanced Options and run: bootrec /rebuildbcd,Run chkdsk C: /f /r to check disk integrity.,"If issue started after changes, use System Restore to revert to previous point.","If unresolved, use 'Reset this PC' → Keep my files or seek professional help.",System boots to desktop without boot errors after completing steps and multiple restarts.,high,Windows 11,Laptop,Boot,BootMgr: Error 0x74 (BAD_SYSTEM_CONFIG_INFO) - missing critical file
BOOT-029,Boot / Startup Error,Error 0x74 (BAD_SYSTEM_CONFIG_INFO),Cannot boot — Error 0x74 (BAD_SYSTEM_CONFIG_INFO) shows on screen,Blue screen with stop code 0x74 during boot; system won't start,"Corrupt BCD, registry, or recent system changes/driver updates",Power off and try Automatic Repair via Advanced Options.,Open Command Prompt from Advanced Options and run: bootrec /rebuildbcd,Run chkdsk C: /f /r to check disk integrity.,"If issue started after changes, use System Restore to revert to previous point.","If unresolved, use 'Reset this PC' → Keep my files or seek professional help.",System boots to desktop without boot errors after completing steps and multiple restarts.,low,Windows 10,Desktop,Boot,Winload: Error 0x74 (BAD_SYSTEM_CONFIG_INFO) - failure during bootloader stage
BOOT-030,Boot / Startup Error,Error 0x74 (BAD_SYSTEM_CONFIG_INFO),My PC is stuck in Error 0x74 (BAD_SYSTEM_CONFIG_INFO) and won't load Windows,Blue screen with stop code 0x74 during boot; system won't start,"Corrupt BCD, registry, or recent system changes/driver updates",Power off and try Automatic Repair via Advanced Options.,Open Command Prompt from Advanced Options and run: bootrec /rebuildbcd,Run chkdsk C: /f /r to check disk integrity.,"If issue started after changes, use System Restore to revert to previous point.","If unresolved, use 'Reset this PC' → Keep my files or seek professional help.",System boots to desktop without boot errors after completing steps and multiple restarts.,low,Windows 11,Desktop,Boot,BootMgr: Error 0x74 (BAD_SYSTEM_CONFIG_INFO) - missing critical file
BOOT-031,Boot / Startup Error,Black screen on boot (no display),My PC is stuck in Black screen on boot (no display) and won't load Windows,No display during boot; fans spin but screen remains black,"GPU/display issue, loose cable, BIOS/UEFI output misconfiguration",Check monitor power and cable connections; try a different cable or monitor.,"For desktops, reseat GPU and try different GPU slot; for laptops, try external monitor.",Reset BIOS/UEFI by removing CMOS battery or using 'Load Defaults' in BIOS.,Boot into Safe Mode (if display appears on external) and update/display drivers.,"If still black, test with minimal hardware (one RAM stick) or seek repair.",System boots to desktop without boot errors after completing steps and multiple restarts.,low,Windows 10,Laptop,Display,Winload: Black screen on boot (no display) - failure during bootloader stage
BOOT-032,Boot / Startup Error,Black screen on boot (no display),Black screen on boot (no display) appears after power on and won't let me reach desktop,No display during boot; fans spin but screen remains black,"GPU/display issue, loose cable, BIOS/UEFI output misconfiguration",Check monitor power and cable connections; try a different cable or monitor.,"For desktops, reseat GPU and try different GPU slot; for laptops, try external monitor.",Reset BIOS/UEFI by removing CMOS battery or using 'Load Defaults' in BIOS.,Boot into Safe Mode (if display appears on external) and update/display drivers.,"If still black, test with minimal hardware (one RAM stick) or seek repair.",System boots to desktop without boot errors after completing steps and multiple restarts.,high,Windows 10,Laptop,Display,Winload: Black screen on boot (no display) - failure during bootloader stage
BOOT-033,Boot / Startup Error,Black screen on boot (no display),PC shows Black screen on boot (no display) and fails to start Windows,No display during boot; fans spin but screen remains black,"GPU/display issue, loose cable, BIOS/UEFI output misconfiguration",Check monitor power and cable connections; try a different cable or monitor.,"For desktops, reseat GPU and try different GPU slot; for laptops, try external monitor.",Reset BIOS/UEFI by removing CMOS battery or using 'Load Defaults' in BIOS.,Boot into Safe Mode (if display appears on external) and update/display drivers.,"If still black, test with minimal hardware (one RAM stick) or seek repair.",System boots to desktop without boot errors after completing steps and multiple restarts.,low,Windows 11,Desktop,Display,BootMgr: Black screen on boot (no display) - missing critical file
BOOT-034,Boot / Startup Error,Black screen on boot (no display),PC shows Black screen on boot (no display) and fails to start Windows,No display during boot; fans spin but screen remains black,"GPU/display issue, loose cable, BIOS/UEFI output misconfiguration",Check monitor power and cable connections; try a different cable or monitor.,"For desktops, reseat GPU and try different GPU slot; for laptops, try external monitor.",Reset BIOS/UEFI by removing CMOS battery or using 'Load Defaults' in BIOS.,Boot into Safe Mode (if display appears on external) and update/display drivers.,"If still black, test with minimal hardware (one RAM stick) or seek repair.",System boots to desktop without boot errors after completing steps and multiple restarts.,high,Windows 10,Desktop,Display,Winload: Black screen on boot (no display) - failure during bootloader stage
BOOT-035,Boot / Startup Error,Black screen on boot (no display),Cannot boot — Black screen on boot (no display) shows on screen,No display during boot; fans spin but screen remains black,"GPU/display issue, loose cable, BIOS/UEFI output misconfiguration",Check monitor power and cable connections; try a different cable or monitor.,"For desktops, reseat GPU and try different GPU slot; for laptops, try external monitor.",Reset BIOS/UEFI by removing CMOS battery or using 'Load Defaults' in BIOS.,Boot into Safe Mode (if display appears on external) and update/display drivers.,"If still black, test with minimal hardware (one RAM stick) or seek repair.",System boots to desktop without boot errors after completing steps and multiple restarts.,medium,Windows 11,Laptop,Display,BootMgr: Black screen on boot (no display) - missing critical file
BOOT-036,Boot / Startup Error,Black screen on boot (no display),Boot issue: Black screen on boot (no display) shown and system cannot start,No display during boot; fans spin but screen remains black,"GPU/display issue, loose cable, BIOS/UEFI output misconfiguration",Check monitor power and cable connections; try a different cable or monitor.,"For desktops, reseat GPU and try different GPU slot; for laptops, try external monitor.",Reset BIOS/UEFI by removing CMOS battery or using 'Load Defaults' in BIOS.,Boot into Safe Mode (if display appears on external) and update/display drivers.,"If still black, test with minimal hardware (one RAM stick) or seek repair.",System boots to desktop without boot errors after completing steps and multiple restarts.,low,Windows 11,Laptop,Display,UEFI: Black screen on boot (no display) secure boot check failed
BOOT-037,Boot / Startup Error,Black screen on boot (no display),PC shows Black screen on boot (no display) and fails to start Windows,No display during boot; fans spin but screen remains black,"GPU/display issue, loose cable, BIOS/UEFI output misconfiguration",Check monitor power and cable connections; try a different cable or monitor.,"For desktops, reseat GPU and try different GPU slot; for laptops, try external monitor.",Reset BIOS/UEFI by removing CMOS battery or using 'Load Defaults' in BIOS.,Boot into Safe Mode (if display appears on external) and update/display drivers.,"If still black, test with minimal hardware (one RAM stick) or seek repair.",System boots to desktop without boot errors after completing steps and multiple restarts.,low,Windows 10,Laptop,Display,StartupRepair: Black screen on boot (no display) failed to repair automatic boot issue
BOOT-038,Boot / Startup Error,Black screen on boot (no display),My PC is stuck in Black screen on boot (no display) and won't load Windows,No display during boot; fans spin but screen remains black,"GPU/display issue, loose cable, BIOS/UEFI output misconfiguration",Check monitor power and cable connections; try a different cable or monitor.,"For desktops, reseat GPU and try different GPU slot; for laptops, try external monitor.",Reset BIOS/UEFI by removing CMOS battery or using 'Load Defaults' in BIOS.,Boot into Safe Mode (if display appears on external) and update/display drivers.,"If still black, test with minimal hardware (one RAM stick) or seek repair.",System boots to desktop without boot errors after completing steps and multiple restarts.,low,Windows 10,Laptop,Display,SrtTrail: Black screen on boot (no display) - see C:\Windows\System32\Logfiles\Srt\SrtTrail.txt
BOOT-039,Boot / Startup Error,Black screen on boot (no display),Black screen on boot (no display) appears after power on and won't let me reach desktop,No display during boot; fans spin but screen remains black,"GPU/display issue, loose cable, BIOS/UEFI output misconfiguration",Check monitor power and cable connections; try a different cable or monitor.,"For desktops, reseat GPU and try different GPU slot; for laptops, try external monitor.",Reset BIOS/UEFI by removing CMOS battery or using 'Load Defaults' in BIOS.,Boot into Safe Mode (if display appears on external) and update/display drivers.,"If still black, test with minimal hardware (one RAM stick) or seek repair.",System boots to desktop without boot errors after completing steps and multiple restarts.,high,Windows 10,Desktop,Display,Winload: Black screen on boot (no display) - failure during bootloader stage
BOOT-040,Boot / Startup Error,Black screen on boot (no display),Boot issue: Black screen on boot (no display) shown and system cannot start,No display during boot; fans spin but screen remains black,"GPU/display issue, loose cable, BIOS/UEFI output misconfiguration",Check monitor power and cable connections; try a different cable or monitor.,"For desktops, reseat GPU and try different GPU slot; for laptops, try external monitor.",Reset BIOS/UEFI by removing CMOS battery or using 'Load Defaults' in BIOS.,Boot into Safe Mode (if display appears on external) and update/display drivers.,"If still black, test with minimal hardware (one RAM stick) or seek repair.",System boots to desktop without boot errors after completing steps and multiple restarts.,high,Windows 10,Desktop,Display,BootMgr: Black screen on boot (no display) - missing critical file
BOOT-041,Boot / Startup Error,Inaccessible Boot Device,Error Inaccessible Boot Device occurs and shows recovery options,Stop code referencing inaccessible boot device; Windows cannot access system drive,"Driver changes, SATA/AHCI mode change, or disk corruption",Boot to Recovery → Troubleshoot → Advanced options → Startup Repair first.,From Command Prompt run: bootrec /fixboot and bootrec /rebuildbcd,Check BIOS SATA mode (AHCI/IDE) and revert if recently changed.,Run chkdsk C: /f /r to repair disk issues.,"If needed, restore from backup or reinstall Windows.",System boots to desktop without boot errors after completing steps and multiple restarts.,medium,Windows 10,Laptop,Boot,StartupRepair: Inaccessible Boot Device failed to repair automatic boot issue
BOOT-042,Boot / Startup Error,Inaccessible Boot Device,Boot stops with Inaccessible Boot Device and shows advanced options,Stop code referencing inaccessible boot device; Windows cannot access system drive,"Driver changes, SATA/AHCI mode change, or disk corruption",Boot to Recovery → Troubleshoot → Advanced options → Startup Repair first.,From Command Prompt run: bootrec /fixboot and bootrec /rebuildbcd,Check BIOS SATA mode (AHCI/IDE) and revert if recently changed.,Run chkdsk C: /f /r to repair disk issues.,"If needed, restore from backup or reinstall Windows.",System boots to desktop without boot errors after completing steps and multiple restarts.,medium,Windows 11,Desktop,Boot,Winload: Inaccessible Boot Device - failure during bootloader stage
BOOT-043,Boot / Startup Error,Inaccessible Boot Device,My PC is stuck in Inaccessible Boot Device and won't load Windows,Stop code referencing inaccessible boot device; Windows cannot access system drive,"Driver changes, SATA/AHCI mode change, or disk corruption",Boot to Recovery → Troubleshoot → Advanced options → Startup Repair first.,From Command Prompt run: bootrec /fixboot and bootrec /rebuildbcd,Check BIOS SATA mode (AHCI/IDE) and revert if recently changed.,Run chkdsk C: /f /r to repair disk issues.,"If needed, restore from backup or reinstall Windows.",System boots to desktop without boot errors after completing steps and multiple restarts.,high,Windows 10,Laptop,Boot,Winload: Inaccessible Boot Device - failure during bootloader stage
BOOT-044,Boot / Startup Error,Inaccessible Boot Device,Cannot boot — Inaccessible Boot Device shows on screen,Stop code referencing inaccessible boot device; Windows cannot access system drive,"Driver changes, SATA/AHCI mode change, or disk corruption",Boot to Recovery → Troubleshoot → Advanced options → Startup Repair first.,From Command Prompt run: bootrec /fixboot and bootrec /rebuildbcd,Check BIOS SATA mode (AHCI/IDE) and revert if recently changed.,Run chkdsk C: /f /r to repair disk issues.,"If needed, restore from backup or reinstall Windows.",System boots to desktop without boot errors after completing steps and multiple restarts.,low,Windows 10,Laptop,Boot,BootMgr: Inaccessible Boot Device - missing critical file
BOOT-045,Boot / Startup Error,Inaccessible Boot Device,PC shows Inaccessible Boot Device and fails to start Windows,Stop code referencing inaccessible boot device; Windows cannot access system drive,"Driver changes, SATA/AHCI mode change, or disk corruption",Boot to Recovery → Troubleshoot → Advanced options → Startup Repair first.,From Command Prompt run: bootrec /fixboot and bootrec /rebuildbcd,Check BIOS SATA mode (AHCI/IDE) and revert if recently changed.,Run chkdsk C: /f /r to repair disk issues.,"If needed, restore from backup or reinstall Windows.",System boots to desktop without boot errors after completing steps and multiple restarts.,medium,Windows 10,Desktop,Boot,BootMgr: Inaccessible Boot Device - missing critical file
BOOT-046,Boot / Startup Error,Inaccessible Boot Device,"After update, Inaccessible Boot Device started happening at boot",Stop code referencing inaccessible boot device; Windows cannot access system drive,"Driver changes, SATA/AHCI mode change, or disk corruption",Boot to Recovery → Troubleshoot → Advanced options → Startup Repair first.,From Command Prompt run: bootrec /fixboot and bootrec /rebuildbcd,Check BIOS SATA mode (AHCI/IDE) and revert if recently changed.,Run chkdsk C: /f /r to repair disk issues.,"If needed, restore from backup or reinstall Windows.",System boots to desktop without boot errors after completing steps and multiple restarts.,medium,Windows 10,Laptop,Boot,Winload: Inaccessible Boot Device - failure during bootloader stage
BOOT-047,Boot / Startup Error,Inaccessible Boot Device,PC shows Inaccessible Boot Device and fails to start Windows,Stop code referencing inaccessible boot device; Windows cannot access system drive,"Driver changes, SATA/AHCI mode change, or disk corruption",Boot to Recovery → Troubleshoot → Advanced options → Startup Repair first.,From Command Prompt run: bootrec /fixboot and bootrec /rebuildbcd,Check BIOS SATA mode (AHCI/IDE) and revert if recently changed.,Run chkdsk C: /f /r to repair disk issues.,"If needed, restore from backup or reinstall Windows.",System boots to desktop without boot errors after completing steps and multiple restarts.,low,Windows 10,Laptop,Boot,StartupRepair: Inaccessible Boot Device failed to repair automatic boot issue
BOOT-048,Boot / Startup Error,Inaccessible Boot Device,Boot issue: Inaccessible Boot Device shown and system cannot start,Stop code referencing inaccessible boot device; Windows cannot access system drive,"Driver changes, SATA/AHCI mode change, or disk corruption",Boot to Recovery → Troubleshoot → Advanced options → Startup Repair first.,From Command Prompt run: bootrec /fixboot and bootrec /rebuildbcd,Check BIOS SATA mode (AHCI/IDE) and revert if recently changed.,Run chkdsk C: /f /r to repair disk issues.,"If needed, restore from backup or reinstall Windows.",System boots to desktop without boot errors after completing steps and multiple restarts.,low,Windows 11,Desktop,Boot,Winload: Inaccessible Boot Device - failure during bootloader stage
BOOT-049,Boot / Startup Error,Inaccessible Boot Device,Boot issue: Inaccessible Boot Device shown and system cannot start,Stop code referencing inaccessible boot device; Windows cannot access system drive,"Driver changes, SATA/AHCI mode change, or disk corruption",Boot to Recovery → Troubleshoot → Advanced options → Startup Repair first.,From Command Prompt run: bootrec /fixboot and bootrec /rebuildbcd,Check BIOS SATA mode (AHCI/IDE) and revert if recently changed.,Run chkdsk C: /f /r to repair disk issues.,"If needed, restore from backup or reinstall Windows.",System boots to desktop without boot errors after completing steps and multiple restarts.,medium,Windows 10,Laptop,Boot,Winload: Inaccessible Boot Device - failure during bootloader stage
BOOT-050,Boot / Startup Error,Inaccessible Boot Device,My PC is stuck in Inaccessible Boot Device and won't load Windows,Stop code referencing inaccessible boot device; Windows cannot access system drive,"Driver changes, SATA/AHCI mode change, or disk corruption",Boot to Recovery → Troubleshoot → Advanced options → Startup Repair first.,From Command Prompt run: bootrec /fixboot and bootrec /rebuildbcd,Check BIOS SATA mode (AHCI/IDE) and revert if recently changed.,Run chkdsk C: /f /r to repair disk issues.,"If needed, restore from backup or reinstall Windows.",System boots to desktop without boot errors after completing steps and multiple restarts.,medium,Windows 11,Desktop,Boot,SrtTrail: Inaccessible Boot Device - see C:\Windows\System32\Logfiles\Srt\SrtTrail.txt
BOOT-051,Boot / Startup Error,Windows stuck at logo,Boot stops with Windows stuck at logo and shows advanced options,System hangs on Windows logo and does not progress to login,"Driver/service hang, corrupted system files, or bad update",Force restart 2–3 times to reach Advanced Startup Options.,"Choose Safe Mode and see if system boots; if yes, uninstall recent updates/drivers.",Run SFC: open admin Command Prompt and run: sfc /scannow,Run DISM repair: DISM /Online /Cleanup-Image /RestoreHealth,"If still stuck, perform System Restore or Reset this PC.",System boots to desktop without boot errors after completing steps and multiple restarts.,high,Windows 11,Laptop,Boot,BootMgr: Windows stuck at logo - missing critical file
BOOT-052,Boot / Startup Error,Windows stuck at logo,"After update, Windows stuck at logo started happening at boot",System hangs on Windows logo and does not progress to login,"Driver/service hang, corrupted system files, or bad update",Force restart 2–3 times to reach Advanced Startup Options.,"Choose Safe Mode and see if system boots; if yes, uninstall recent updates/drivers.",Run SFC: open admin Command Prompt and run: sfc /scannow,Run DISM repair: DISM /Online /Cleanup-Image /RestoreHealth,"If still stuck, perform System Restore or Reset this PC.",System boots to desktop without boot errors after completing steps and multiple restarts.,low,Windows 10,Laptop,Boot,SrtTrail: Windows stuck at logo - see C:\Windows\System32\Logfiles\Srt\SrtTrail.txt
BOOT-053,Boot / Startup Error,Windows stuck at logo,My PC is stuck in Windows stuck at logo and won't load Windows,System hangs on Windows logo and does not progress to login,"Driver/service hang, corrupted system files, or bad update",Force restart 2–3 times to reach Advanced Startup Options.,"Choose Safe Mode and see if system boots; if yes, uninstall recent updates/drivers.",Run SFC: open admin Command Prompt and run: sfc /scannow,Run DISM repair: DISM /Online /Cleanup-Image /RestoreHealth,"If still stuck, perform System Restore or Reset this PC.",System boots to desktop without boot errors after completing steps and multiple restarts.,low,Windows 11,Laptop,Boot,StartupRepair: Windows stuck at logo failed to repair automatic boot issue
BOOT-054,Boot / Startup Error,Windows stuck at logo,PC shows Windows stuck at logo and fails to start Windows,System hangs on Windows logo and does not progress to login,"Driver/service hang, corrupted system files, or bad update",Force restart 2–3 times to reach Advanced Startup Options.,"Choose Safe Mode and see if system boots; if yes, uninstall recent updates/drivers.",Run SFC: open admin Command Prompt and run: sfc /scannow,Run DISM repair: DISM /Online /Cleanup-Image /RestoreHealth,"If still stuck, perform System Restore or Reset this PC.",System boots to desktop without boot errors after completing steps and multiple restarts.,low,Windows 10,Laptop,Boot,UEFI: Windows stuck at logo secure boot check failed
BOOT-055,Boot / Startup Error,Windows stuck at logo,Windows stuck at logo appears after power on and won't let me reach desktop,System hangs on Windows logo and does not progress to login,"Driver/service hang, corrupted system files, or bad update",Force restart 2–3 times to reach Advanced Startup Options.,"Choose Safe Mode and see if system boots; if yes, uninstall recent updates/drivers.",Run SFC: open admin Command Prompt and run: sfc /scannow,Run DISM repair: DISM /Online /Cleanup-Image /RestoreHealth,"If still stuck, perform System Restore or Reset this PC.",System boots to desktop without boot errors after completing steps and multiple restarts.,high,Windows 10,Desktop,Boot,StartupRepair: Windows stuck at logo failed to repair automatic boot issue
BOOT-056,Boot / Startup Error,Windows stuck at logo,Windows stuck at logo blocks startup; I cannot access files,System hangs on Windows logo and does not progress to login,"Driver/service hang, corrupted system files, or bad update",Force restart 2–3 times to reach Advanced Startup Options.,"Choose Safe Mode and see if system boots; if yes, uninstall recent updates/drivers.",Run SFC: open admin Command Prompt and run: sfc /scannow,Run DISM repair: DISM /Online /Cleanup-Image /RestoreHealth,"If still stuck, perform System Restore or Reset this PC.",System boots to desktop without boot errors after completing steps and multiple restarts.,low,Windows 10,Laptop,Boot,Winload: Windows stuck at logo - failure during bootloader stage
BOOT-057,Boot / Startup Error,Windows stuck at logo,Windows stuck at logo blocks startup; I cannot access files,System hangs on Windows logo and does not progress to login,"Driver/service hang, corrupted system files, or bad update",Force restart 2–3 times to reach Advanced Startup Options.,"Choose Safe Mode and see if system boots; if yes, uninstall recent updates/drivers.",Run SFC: open admin Command Prompt and run: sfc /scannow,Run DISM repair: DISM /Online /Cleanup-Image /RestoreHealth,"If still stuck, perform System Restore or Reset this PC.",System boots to desktop without boot errors after completing steps and multiple restarts.,high,Windows 11,Desktop,Boot,BootMgr: Windows stuck at logo - missing critical file
BOOT-058,Boot / Startup Error,Windows stuck at logo,Cannot boot — Windows stuck at logo shows on screen,System hangs on Windows logo and does not progress to login,"Driver/service hang, corrupted system files, or bad update",Force restart 2–3 times to reach Advanced Startup Options.,"Choose Safe Mode and see if system boots; if yes, uninstall recent updates/drivers.",Run SFC: open admin Command Prompt and run: sfc /scannow,Run DISM repair: DISM /Online /Cleanup-Image /RestoreHealth,"If still stuck, perform System Restore or Reset this PC.",System boots to desktop without boot errors after completing steps and multiple restarts.,low,Windows 11,Desktop,Boot,BootMgr: Windows stuck at logo - missing critical file
BOOT-059,Boot / Startup Error,Windows stuck at logo,"After update, Windows stuck at logo started happening at boot",System hangs on Windows logo and does not progress to login,"Driver/service hang, corrupted system files, or bad update",Force restart 2–3 times to reach Advanced Startup Options.,"Choose Safe Mode and see if system boots; if yes, uninstall recent updates/drivers.",Run SFC: open admin Command Prompt and run: sfc /scannow,Run DISM repair: DISM /Online /Cleanup-Image /RestoreHealth,"If still stuck, perform System Restore or Reset this PC.",System boots to desktop without boot errors after completing steps and multiple restarts.,medium,Windows 11,Laptop,Boot,StartupRepair: Windows stuck at logo failed to repair automatic boot issue
BOOT-060,Boot / Startup Error,Windows stuck at logo,Error Windows stuck at logo occurs and shows recovery options,System hangs on Windows logo and does not progress to login,"Driver/service hang, corrupted system files, or bad update",Force restart 2–3 times to reach Advanced Startup Options.,"Choose Safe Mode and see if system boots; if yes, uninstall recent updates/drivers.",Run SFC: open admin Command Prompt and run: sfc /scannow,Run DISM repair: DISM /Online /Cleanup-Image /RestoreHealth,"If still stuck, perform System Restore or Reset this PC.",System boots to desktop without boot errors after completing steps and multiple restarts.,high,Windows 10,Laptop,Boot,UEFI: Windows stuck at logo secure boot check failed
BOOT-061,Boot / Startup Error,Missing or corrupt BCD,Boot issue: Missing or corrupt BCD shown and system cannot start,Boot fails with messages about BCD or boot configuration,Broken Boot Configuration Data due to disk changes or corruption,Boot to Recovery → Command Prompt.,Run: bcdedit /export C:\bcdbackup then rename old BCD and rebuild: bootrec /rebuildbcd,"If access denied, try: attrib -h -r -s C:\boot\bcd then delete and rebuild.",Run chkdsk and verify disk integrity.,"If unsuccessful, reinstall Windows keeping files or restore from backup.",System boots to desktop without boot errors after completing steps and multiple restarts.,high,Windows 11,Laptop,Boot,SrtTrail: Missing or corrupt BCD - see C:\Windows\System32\Logfiles\Srt\SrtTrail.txt
BOOT-062,Boot / Startup Error,Missing or corrupt BCD,Missing or corrupt BCD appears after power on and won't let me reach desktop,Boot fails with messages about BCD or boot configuration,Broken Boot Configuration Data due to disk changes or corruption,Boot to Recovery → Command Prompt.,Run: bcdedit /export C:\bcdbackup then rename old BCD and rebuild: bootrec /rebuildbcd,"If access denied, try: attrib -h -r -s C:\boot\bcd then delete and rebuild.",Run chkdsk and verify disk integrity.,"If unsuccessful, reinstall Windows keeping files or restore from backup.",System boots to desktop without boot errors after completing steps and multiple restarts.,low,Windows 11,Desktop,Boot,BootMgr: Missing or corrupt BCD - missing critical file
BOOT-063,Boot / Startup Error,Missing or corrupt BCD,Error Missing or corrupt BCD occurs and shows recovery options,Boot fails with messages about BCD or boot configuration,Broken Boot Configuration Data due to disk changes or corruption,Boot to Recovery → Command Prompt.,Run: bcdedit /export C:\bcdbackup then rename old BCD and rebuild: bootrec /rebuildbcd,"If access denied, try: attrib -h -r -s C:\boot\bcd then delete and rebuild.",Run chkdsk and verify disk integrity.,"If unsuccessful, reinstall Windows keeping files or restore from backup.",System boots to desktop without boot errors after completing steps and multiple restarts.,high,Windows 11,Laptop,Boot,UEFI: Missing or corrupt BCD secure boot check failed
BOOT-064,Boot / Startup Error,Missing or corrupt BCD,"After update, Missing or corrupt BCD started happening at boot",Boot fails with messages about BCD or boot configuration,Broken Boot Configuration Data due to disk changes or corruption,Boot to Recovery → Command Prompt.,Run: bcdedit /export C:\bcdbackup then rename old BCD and rebuild: bootrec /rebuildbcd,"If access denied, try: attrib -h -r -s C:\boot\bcd then delete and rebuild.",Run chkdsk and verify disk integrity.,"If unsuccessful, reinstall Windows keeping files or restore from backup.",System boots to desktop without boot errors after completing steps and multiple restarts.,high,Windows 10,Laptop,Boot,SrtTrail: Missing or corrupt BCD - see C:\Windows\System32\Logfiles\Srt\SrtTrail.txt
BOOT-065,Boot / Startup Error,Missing or corrupt BCD,Missing or corrupt BCD appears after power on and won't let me reach desktop,Boot fails with messages about BCD or boot configuration,Broken Boot Configuration Data due to disk changes or corruption,Boot to Recovery → Command Prompt.,Run: bcdedit /export C:\bcdbackup then rename old BCD and rebuild: bootrec /rebuildbcd,"If access denied, try: attrib -h -r -s C:\boot\bcd then delete and rebuild.",Run chkdsk and verify disk integrity.,"If unsuccessful, reinstall Windows keeping files or restore from backup.",System boots to desktop without boot errors after completing steps and multiple restarts.,low,Windows 10,Desktop,Boot,SrtTrail: Missing or corrupt BCD - see C:\Windows\System32\Logfiles\Srt\SrtTrail.txt
BOOT-066,Boot / Startup Error,Missing or corrupt BCD,Missing or corrupt BCD blocks startup; I cannot access files,Boot fails with messages about BCD or boot configuration,Broken Boot Configuration Data due to disk changes or corruption,Boot to Recovery → Command Prompt.,Run: bcdedit /export C:\bcdbackup then rename old BCD and rebuild: bootrec /rebuildbcd,"If access denied, try: attrib -h -r -s C:\boot\bcd then delete and rebuild.",Run chkdsk and verify disk integrity.,"If unsuccessful, reinstall Windows keeping files or restore from backup.",System boots to desktop without boot errors after completing steps and multiple restarts.,low,Windows 11,Laptop,Boot,SrtTrail: Missing or corrupt BCD - see C:\Windows\System32\Logfiles\Srt\SrtTrail.txt
BOOT-067,Boot / Startup Error,Missing or corrupt BCD,PC shows Missing or corrupt BCD and fails to start Windows,Boot fails with messages about BCD or boot configuration,Broken Boot Configuration Data due to disk changes or corruption,Boot to Recovery → Command Prompt.,Run: bcdedit /export C:\bcdbackup then rename old BCD and rebuild: bootrec /rebuildbcd,"If access denied, try: attrib -h -r -s C:\boot\bcd then delete and rebuild.",Run chkdsk and verify disk integrity.,"If unsuccessful, reinstall Windows keeping files or restore from backup.",System boots to desktop without boot errors after completing steps and multiple restarts.,medium,Windows 11,Laptop,Boot,StartupRepair: Missing or corrupt BCD failed to repair automatic boot issue
BOOT-068,Boot / Startup Error,Missing or corrupt BCD,Boot stops with Missing or corrupt BCD and shows advanced options,Boot fails with messages about BCD or boot configuration,Broken Boot Configuration Data due to disk changes or corruption,Boot to Recovery → Command Prompt.,Run: bcdedit /export C:\bcdbackup then rename old BCD and rebuild: bootrec /rebuildbcd,"If access denied, try: attrib -h -r -s C:\boot\bcd then delete and rebuild.",Run chkdsk and verify disk integrity.,"If unsuccessful, reinstall Windows keeping files or restore from backup.",System boots to desktop without boot errors after completing steps and multiple restarts.,medium,Windows 10,Laptop,Boot,SrtTrail: Missing or corrupt BCD - see C:\Windows\System32\Logfiles\Srt\SrtTrail.txt
BOOT-069,Boot / Startup Error,Missing or corrupt BCD,I see Missing or corrupt BCD and Windows restarts repeatedly,Boot fails with messages about BCD or boot configuration,Broken Boot Configuration Data due to disk changes or corruption,Boot to Recovery → Command Prompt.,Run: bcdedit /export C:\bcdbackup then rename old BCD and rebuild: bootrec /rebuildbcd,"If access denied, try: attrib -h -r -s C:\boot\bcd then delete and rebuild.",Run chkdsk and verify disk integrity.,"If unsuccessful, reinstall Windows keeping files or restore from backup.",System boots to desktop without boot errors after completing steps and multiple restarts.,high,Windows 11,Laptop,Boot,Winload: Missing or corrupt BCD - failure during bootloader stage
BOOT-070,Boot / Startup Error,Missing or corrupt BCD,PC shows Missing or corrupt BCD and fails to start Windows,Boot fails with messages about BCD or boot configuration,Broken Boot Configuration Data due to disk changes or corruption,Boot to Recovery → Command Prompt.,Run: bcdedit /export C:\bcdbackup then rename old BCD and rebuild: bootrec /rebuildbcd,"If access denied, try: attrib -h -r -s C:\boot\bcd then delete and rebuild.",Run chkdsk and verify disk integrity.,"If unsuccessful, reinstall Windows keeping files or restore from backup.",System boots to desktop without boot errors after completing steps and multiple restarts.,high,Windows 11,Laptop,Boot,StartupRepair: Missing or corrupt BCD failed to repair automatic boot issue
BOOT-071,Boot / Startup Error,No bootable device found,No bootable device found appears after power on and won't let me reach desktop,BIOS reports no bootable device or 'No bootable device' message,"Boot order wrong, drive disconnected, or drive failure",Enter BIOS/UEFI and check Boot Order; ensure system drive is listed first.,Check SATA/Power cables (desktop) or reseat drive if possible.,Try booting from Windows installation media to confirm drive accessibility.,"Run disk diagnostics from media (chkdsk, manufacturer's tool).",Replace drive if it fails diagnostics or is not detected.,System boots to desktop without boot errors after completing steps and multiple restarts.,high,Windows 10,Laptop,Boot,SrtTrail: No bootable device found - see C:\Windows\System32\Logfiles\Srt\SrtTrail.txt
BOOT-072,Boot / Startup Error,No bootable device found,No bootable device found blocks startup; I cannot access files,BIOS reports no bootable device or 'No bootable device' message,"Boot order wrong, drive disconnected, or drive failure",Enter BIOS/UEFI and check Boot Order; ensure system drive is listed first.,Check SATA/Power cables (desktop) or reseat drive if possible.,Try booting from Windows installation media to confirm drive accessibility.,"Run disk diagnostics from media (chkdsk, manufacturer's tool).",Replace drive if it fails diagnostics or is not detected.,System boots to desktop without boot errors after completing steps and multiple restarts.,high,Windows 10,Desktop,Boot,BootMgr: No bootable device found - missing critical file
BOOT-073,Boot / Startup Error,No bootable device found,My PC is stuck in No bootable device found and won't load Windows,BIOS reports no bootable device or 'No bootable device' message,"Boot order wrong, drive disconnected, or drive failure",Enter BIOS/UEFI and check Boot Order; ensure system drive is listed first.,Check SATA/Power cables (desktop) or reseat drive if possible.,Try booting from Windows installation media to confirm drive accessibility.,"Run disk diagnostics from media (chkdsk, manufacturer's tool).",Replace drive if it fails diagnostics or is not detected.,System boots to desktop without boot errors after completing steps and multiple restarts.,medium,Windows 11,Laptop,Boot,SrtTrail: No bootable device found - see C:\Windows\System32\Logfiles\Srt\SrtTrail.txt
BOOT-074,Boot / Startup Error,No bootable device found,Boot issue: No bootable device found shown and system cannot start,BIOS reports no bootable device or 'No bootable device' message,"Boot order wrong, drive disconnected, or drive failure",Enter BIOS/UEFI and check Boot Order; ensure system drive is listed first.,Check SATA/Power cables (desktop) or reseat drive if possible.,Try booting from Windows installation media to confirm drive accessibility.,"Run disk diagnostics from media (chkdsk, manufacturer's tool).",Replace drive if it fails diagnostics or is not detected.,System boots to desktop without boot errors after completing steps and multiple restarts.,high,Windows 10,Laptop,Boot,SrtTrail: No bootable device found - see C:\Windows\System32\Logfiles\Srt\SrtTrail.txt
BOOT-075,Boot / Startup Error,No bootable device found,PC shows No bootable device found and fails to start Windows,BIOS reports no bootable device or 'No bootable device' message,"Boot order wrong, drive disconnected, or drive failure",Enter BIOS/UEFI and check Boot Order; ensure system drive is listed first.,Check SATA/Power cables (desktop) or reseat drive if possible.,Try booting from Windows installation media to confirm drive accessibility.,"Run disk diagnostics from media (chkdsk, manufacturer's tool).",Replace drive if it fails diagnostics or is not detected.,System boots to desktop without boot errors after completing steps and multiple restarts.,medium,Windows 10,Laptop,Boot,BootMgr: No bootable device found - missing critical file
BOOT-076,Boot / Startup Error,No bootable device found,I see No bootable device found and Windows restarts repeatedly,BIOS reports no bootable device or 'No bootable device' message,"Boot order wrong, drive disconnected, or drive failure",Enter BIOS/UEFI and check Boot Order; ensure system drive is listed first.,Check SATA/Power cables (desktop) or reseat drive if possible.,Try booting from Windows installation media to confirm drive accessibility.,"Run disk diagnostics from media (chkdsk, manufacturer's tool).",Replace drive if it fails diagnostics or is not detected.,System boots to desktop without boot errors after completing steps and multiple restarts.,medium,Windows 10,Laptop,Boot,SrtTrail: No bootable device found - see C:\Windows\System32\Logfiles\Srt\SrtTrail.txt
BOOT-077,Boot / Startup Error,No bootable device found,Boot stops with No bootable device found and shows advanced options,BIOS reports no bootable device or 'No bootable device' message,"Boot order wrong, drive disconnected, or drive failure",Enter BIOS/UEFI and check Boot Order; ensure system drive is listed first.,Check SATA/Power cables (desktop) or reseat drive if possible.,Try booting from Windows installation media to confirm drive accessibility.,"Run disk diagnostics from media (chkdsk, manufacturer's tool).",Replace drive if it fails diagnostics or is not detected.,System boots to desktop without boot errors after completing steps and multiple restarts.,high,Windows 10,Desktop,Boot,BootMgr: No bootable device found - missing critical file
BOOT-078,Boot / Startup Error,No bootable device found,No bootable device found appears after power on and won't let me reach desktop,BIOS reports no bootable device or 'No bootable device' message,"Boot order wrong, drive disconnected, or drive failure",Enter BIOS/UEFI and check Boot Order; ensure system drive is listed first.,Check SATA/Power cables (desktop) or reseat drive if possible.,Try booting from Windows installation media to confirm drive accessibility.,"Run disk diagnostics from media (chkdsk, manufacturer's tool).",Replace drive if it fails diagnostics or is not detected.,System boots to desktop without boot errors after completing steps and multiple restarts.,medium,Windows 10,Desktop,Boot,BootMgr: No bootable device found - missing critical file
BOOT-079,Boot / Startup Error,No bootable device found,Boot issue: No bootable device found shown and system cannot start,BIOS reports no bootable device or 'No bootable device' message,"Boot order wrong, drive disconnected, or drive failure",Enter BIOS/UEFI and check Boot Order; ensure system drive is listed first.,Check SATA/Power cables (desktop) or reseat drive if possible.,Try booting from Windows installation media to confirm drive accessibility.,"Run disk diagnostics from media (chkdsk, manufacturer's tool).",Replace drive if it fails diagnostics or is not detected.,System boots to desktop without boot errors after completing steps and multiple restarts.,medium,Windows 11,Desktop,Boot,BootMgr: No bootable device found - missing critical file
BOOT-080,Boot / Startup Error,No bootable device found,Boot issue: No bootable device found shown and system cannot start,BIOS reports no bootable device or 'No bootable device' message,"Boot order wrong, drive disconnected, or drive failure",Enter BIOS/UEFI and check Boot Order; ensure system drive is listed first.,Check SATA/Power cables (desktop) or reseat drive if possible.,Try booting from Windows installation media to confirm drive accessibility.,"Run disk diagnostics from media (chkdsk, manufacturer's tool).",Replace drive if it fails diagnostics or is not detected.,System boots to desktop without boot errors after completing steps and multiple restarts.,low,Windows 10,Desktop,Boot,SrtTrail: No bootable device found - see C:\Windows\System32\Logfiles\Srt\SrtTrail.txt
BOOT-081,Boot / Startup Error,Boot RAID/Storage controller not found,"After update, Boot RAID/Storage controller not found started happening at boot",System cannot find RAID volume or storage controller during boot,"Missing RAID drivers, controller misconfiguration, or hardware failure",Enter BIOS/UEFI and check storage configuration (RAID/IDE/AHCI) settings.,Ensure controller drivers are present on installation media if reinstalling OS.,"If RAID array degraded, rebuild via RAID controller utility (follow vendor docs).",Use recovery media to load necessary drivers and repair boot records.,Seek professional help for complex RAID arrays to avoid data loss.,System boots to desktop without boot errors after completing steps and multiple restarts.,low,Windows 11,Desktop,Disk,UEFI: Boot RAID/Storage controller not found secure boot check failed
BOOT-082,Boot / Startup Error,Boot RAID/Storage controller not found,Boot stops with Boot RAID/Storage controller not found and shows advanced options,System cannot find RAID volume or storage controller during boot,"Missing RAID drivers, controller misconfiguration, or hardware failure",Enter BIOS/UEFI and check storage configuration (RAID/IDE/AHCI) settings.,Ensure controller drivers are present on installation media if reinstalling OS.,"If RAID array degraded, rebuild via RAID controller utility (follow vendor docs).",Use recovery media to load necessary drivers and repair boot records.,Seek professional help for complex RAID arrays to avoid data loss.,System boots to desktop without boot errors after completing steps and multiple restarts.,high,Windows 11,Laptop,Disk,StartupRepair: Boot RAID/Storage controller not found failed to repair automatic boot issue
BOOT-083,Boot / Startup Error,Boot RAID/Storage controller not found,"After update, Boot RAID/Storage controller not found started happening at boot",System cannot find RAID volume or storage controller during boot,"Missing RAID drivers, controller misconfiguration, or hardware failure",Enter BIOS/UEFI and check storage configuration (RAID/IDE/AHCI) settings.,Ensure controller drivers are present on installation media if reinstalling OS.,"If RAID array degraded, rebuild via RAID controller utility (follow vendor docs).",Use recovery media to load necessary drivers and repair boot records.,Seek professional help for complex RAID arrays to avoid data loss.,System boots to desktop without boot errors after completing steps and multiple restarts.,low,Windows 11,Laptop,Disk,StartupRepair: Boot RAID/Storage controller not found failed to repair automatic boot issue
BOOT-084,Boot / Startup Error,Boot RAID/Storage controller not found,Boot RAID/Storage controller not found blocks startup; I cannot access files,System cannot find RAID volume or storage controller during boot,"Missing RAID drivers, controller misconfiguration, or hardware failure",Enter BIOS/UEFI and check storage configuration (RAID/IDE/AHCI) settings.,Ensure controller drivers are present on installation media if reinstalling OS.,"If RAID array degraded, rebuild via RAID controller utility (follow vendor docs).",Use recovery media to load necessary drivers and repair boot records.,Seek professional help for complex RAID arrays to avoid data loss.,System boots to desktop without boot errors after completing steps and multiple restarts.,medium,Windows 11,Desktop,Disk,Winload: Boot RAID/Storage controller not found - failure during bootloader stage
BOOT-085,Boot / Startup Error,Boot RAID/Storage controller not found,Boot RAID/Storage controller not found blocks startup; I cannot access files,System cannot find RAID volume or storage controller during boot,"Missing RAID drivers, controller misconfiguration, or hardware failure",Enter BIOS/UEFI and check storage configuration (RAID/IDE/AHCI) settings.,Ensure controller drivers are present on installation media if reinstalling OS.,"If RAID array degraded, rebuild via RAID controller utility (follow vendor docs).",Use recovery media to load necessary drivers and repair boot records.,Seek professional help for complex RAID arrays to avoid data loss.,System boots to desktop without boot errors after completing steps and multiple restarts.,high,Windows 10,Desktop,Disk,UEFI: Boot RAID/Storage controller not found secure boot check failed
BOOT-086,Boot / Startup Error,Boot RAID/Storage controller not found,Boot issue: Boot RAID/Storage controller not found shown and system cannot start,System cannot find RAID volume or storage controller during boot,"Missing RAID drivers, controller misconfiguration, or hardware failure",Enter BIOS/UEFI and check storage configuration (RAID/IDE/AHCI) settings.,Ensure controller drivers are present on installation media if reinstalling OS.,"If RAID array degraded, rebuild via RAID controller utility (follow vendor docs).",Use recovery media to load necessary drivers and repair boot records.,Seek professional help for complex RAID arrays to avoid data loss.,System boots to desktop without boot errors after completing steps and multiple restarts.,medium,Windows 10,Desktop,Disk,StartupRepair: Boot RAID/Storage controller not found failed to repair automatic boot issue
BOOT-087,Boot / Startup Error,Boot RAID/Storage controller not found,PC shows Boot RAID/Storage controller not found and fails to start Windows,System cannot find RAID volume or storage controller during boot,"Missing RAID drivers, controller misconfiguration, or hardware failure",Enter BIOS/UEFI and check storage configuration (RAID/IDE/AHCI) settings.,Ensure controller drivers are present on installation media if reinstalling OS.,"If RAID array degraded, rebuild via RAID controller utility (follow vendor docs).",Use recovery media to load necessary drivers and repair boot records.,Seek professional help for complex RAID arrays to avoid data loss.,System boots to desktop without boot errors after completing steps and multiple restarts.,high,Windows 10,Desktop,Disk,Winload: Boot RAID/Storage controller not found - failure during bootloader stage
BOOT-088,Boot / Startup Error,Boot RAID/Storage controller not found,Boot RAID/Storage controller not found appears after power on and won't let me reach desktop,System cannot find RAID volume or storage controller during boot,"Missing RAID drivers, controller misconfiguration, or hardware failure",Enter BIOS/UEFI and check storage configuration (RAID/IDE/AHCI) settings.,Ensure controller drivers are present on installation media if reinstalling OS.,"If RAID array degraded, rebuild via RAID controller utility (follow vendor docs).",Use recovery media to load necessary drivers and repair boot records.,Seek professional help for complex RAID arrays to avoid data loss.,System boots to desktop without boot errors after completing steps and multiple restarts.,high,Windows 11,Desktop,Disk,StartupRepair: Boot RAID/Storage controller not found failed to repair automatic boot issue
BOOT-089,Boot / Startup Error,Boot RAID/Storage controller not found,"After update, Boot RAID/Storage controller not found started happening at boot",System cannot find RAID volume or storage controller during boot,"Missing RAID drivers, controller misconfiguration, or hardware failure",Enter BIOS/UEFI and check storage configuration (RAID/IDE/AHCI) settings.,Ensure controller drivers are present on installation media if reinstalling OS.,"If RAID array degraded, rebuild via RAID controller utility (follow vendor docs).",Use recovery media to load necessary drivers and repair boot records.,Seek professional help for complex RAID arrays to avoid data loss.,System boots to desktop without boot errors after completing steps and multiple restarts.,high,Windows 11,Desktop,Disk,SrtTrail: Boot RAID/Storage controller not found - see C:\Windows\System32\Logfiles\Srt\SrtTrail.txt
BOOT-090,Boot / Startup Error,Boot RAID/Storage controller not found,Boot stops with Boot RAID/Storage controller not found and shows advanced options,System cannot find RAID volume or storage controller during boot,"Missing RAID drivers, controller misconfiguration, or hardware failure",Enter BIOS/UEFI and check storage configuration (RAID/IDE/AHCI) settings.,Ensure controller drivers are present on installation media if reinstalling OS.,"If RAID array degraded, rebuild via RAID controller utility (follow vendor docs).",Use recovery media to load necessary drivers and repair boot records.,Seek professional help for complex RAID arrays to avoid data loss.,System boots to desktop without boot errors after completing steps and multiple restarts.,high,Windows 11,Laptop,Disk,BootMgr: Boot RAID/Storage controller not found - missing critical file
BOOT-091,Boot / Startup Error,UEFI/Secure Boot failure,Boot stops with UEFI/Secure Boot failure and shows advanced options,UEFI reports secure boot failure or OS not allowed to boot,"Secure Boot keys, unsigned drivers, or misconfigured firmware settings",Enter UEFI settings and disable Secure Boot temporarily to test booting.,Load UEFI defaults and ensure proper boot entries exist.,"If recent firmware update caused issue, check OEM for recovery steps.",Ensure OS bootloader is signed or reinstall OS with correct UEFI settings.,Re-enable Secure Boot after fixing; consult OEM if unsure.,System boots to desktop without boot errors after completing steps and multiple restarts.,high,Windows 11,Laptop,Firmware,UEFI: UEFI/Secure Boot failure secure boot check failed
BOOT-092,Boot / Startup Error,UEFI/Secure Boot failure,UEFI/Secure Boot failure blocks startup; I cannot access files,UEFI reports secure boot failure or OS not allowed to boot,"Secure Boot keys, unsigned drivers, or misconfigured firmware settings",Enter UEFI settings and disable Secure Boot temporarily to test booting.,Load UEFI defaults and ensure proper boot entries exist.,"If recent firmware update caused issue, check OEM for recovery steps.",Ensure OS bootloader is signed or reinstall OS with correct UEFI settings.,Re-enable Secure Boot after fixing; consult OEM if unsure.,System boots to desktop without boot errors after completing steps and multiple restarts.,medium,Windows 11,Laptop,Firmware,SrtTrail: UEFI/Secure Boot failure - see C:\Windows\System32\Logfiles\Srt\SrtTrail.txt
BOOT-093,Boot / Startup Error,UEFI/Secure Boot failure,"After update, UEFI/Secure Boot failure started happening at boot",UEFI reports secure boot failure or OS not allowed to boot,"Secure Boot keys, unsigned drivers, or misconfigured firmware settings",Enter UEFI settings and disable Secure Boot temporarily to test booting.,Load UEFI defaults and ensure proper boot entries exist.,"If recent firmware update caused issue, check OEM for recovery steps.",Ensure OS bootloader is signed or reinstall OS with correct UEFI settings.,Re-enable Secure Boot after fixing; consult OEM if unsure.,System boots to desktop without boot errors after completing steps and multiple restarts.,low,Windows 11,Desktop,Firmware,Winload: UEFI/Secure Boot failure - failure during bootloader stage
BOOT-094,Boot / Startup Error,UEFI/Secure Boot failure,Error UEFI/Secure Boot failure occurs and shows recovery options,UEFI reports secure boot failure or OS not allowed to boot,"Secure Boot keys, unsigned drivers, or misconfigured firmware settings",Enter UEFI settings and disable Secure Boot temporarily to test booting.,Load UEFI defaults and ensure proper boot entries exist.,"If recent firmware update caused issue, check OEM for recovery steps.",Ensure OS bootloader is signed or reinstall OS with correct UEFI settings.,Re-enable Secure Boot after fixing; consult OEM if unsure.,System boots to desktop without boot errors after completing steps and multiple restarts.,medium,Windows 10,Desktop,Firmware,BootMgr: UEFI/Secure Boot failure - missing critical file
BOOT-095,Boot / Startup Error,UEFI/Secure Boot failure,UEFI/Secure Boot failure appears after power on and won't let me reach desktop,UEFI reports secure boot failure or OS not allowed to boot,"Secure Boot keys, unsigned drivers, or misconfigured firmware settings",Enter UEFI settings and disable Secure Boot temporarily to test booting.,Load UEFI defaults and ensure proper boot entries exist.,"If recent firmware update caused issue, check OEM for recovery steps.",Ensure OS bootloader is signed or reinstall OS with correct UEFI settings.,Re-enable Secure Boot after fixing; consult OEM if unsure.,System boots to desktop without boot errors after completing steps and multiple restarts.,medium,Windows 11,Laptop,Firmware,BootMgr: UEFI/Secure Boot failure - missing critical file
BOOT-096,Boot / Startup Error,UEFI/Secure Boot failure,"After update, UEFI/Secure Boot failure started happening at boot",UEFI reports secure boot failure or OS not allowed to boot,"Secure Boot keys, unsigned drivers, or misconfigured firmware settings",Enter UEFI settings and disable Secure Boot temporarily to test booting.,Load UEFI defaults and ensure proper boot entries exist.,"If recent firmware update caused issue, check OEM for recovery steps.",Ensure OS bootloader is signed or reinstall OS with correct UEFI settings.,Re-enable Secure Boot after fixing; consult OEM if unsure.,System boots to desktop without boot errors after completing steps and multiple restarts.,low,Windows 10,Laptop,Firmware,StartupRepair: UEFI/Secure Boot failure failed to repair automatic boot issue
BOOT-097,Boot / Startup Error,UEFI/Secure Boot failure,My PC is stuck in UEFI/Secure Boot failure and won't load Windows,UEFI reports secure boot failure or OS not allowed to boot,"Secure Boot keys, unsigned drivers, or misconfigured firmware settings",Enter UEFI settings and disable Secure Boot temporarily to test booting.,Load UEFI defaults and ensure proper boot entries exist.,"If recent firmware update caused issue, check OEM for recovery steps.",Ensure OS bootloader is signed or reinstall OS with correct UEFI settings.,Re-enable Secure Boot after fixing; consult OEM if unsure.,System boots to desktop without boot errors after completing steps and multiple restarts.,low,Windows 11,Laptop,Firmware,Winload: UEFI/Secure Boot failure - failure during bootloader stage
BOOT-098,Boot / Startup Error,UEFI/Secure Boot failure,Boot stops with UEFI/Secure Boot failure and shows advanced options,UEFI reports secure boot failure or OS not allowed to boot,"Secure Boot keys, unsigned drivers, or misconfigured firmware settings",Enter UEFI settings and disable Secure Boot temporarily to test booting.,Load UEFI defaults and ensure proper boot entries exist.,"If recent firmware update caused issue, check OEM for recovery steps.",Ensure OS bootloader is signed or reinstall OS with correct UEFI settings.,Re-enable Secure Boot after fixing; consult OEM if unsure.,System boots to desktop without boot errors after completing steps and multiple restarts.,high,Windows 10,Desktop,Firmware,Winload: UEFI/Secure Boot failure - failure during bootloader stage
BOOT-099,Boot / Startup Error,UEFI/Secure Boot failure,Boot stops with UEFI/Secure Boot failure and shows advanced options,UEFI reports secure boot failure or OS not allowed to boot,"Secure Boot keys, unsigned drivers, or misconfigured firmware settings",Enter UEFI settings and disable Secure Boot temporarily to test booting.,Load UEFI defaults and ensure proper boot entries exist.,"If recent firmware update caused issue, check OEM for recovery steps.",Ensure OS bootloader is signed or reinstall OS with correct UEFI settings.,Re-enable Secure Boot after fixing; consult OEM if unsure.,System boots to desktop without boot errors after completing steps and multiple restarts.,low,Windows 10,Laptop,Firmware,StartupRepair: UEFI/Secure Boot failure failed to repair automatic boot issue
BOOT-100,Boot / Startup Error,UEFI/Secure Boot failure,Boot stops with UEFI/Secure Boot failure and shows advanced options,UEFI reports secure boot failure or OS not allowed to boot,"Secure Boot keys, unsigned drivers, or misconfigured firmware settings",Enter UEFI settings and disable Secure Boot temporarily to test booting.,Load UEFI defaults and ensure proper boot entries exist.,"If recent firmware update caused issue, check OEM for recovery steps.",Ensure OS bootloader is signed or reinstall OS with correct UEFI settings.,Re-enable Secure Boot after fixing; consult OEM if unsure.,System boots to desktop without boot errors after completing steps and multiple restarts.,low,Windows 10,Desktop,Firmware,StartupRepair: UEFI/Secure Boot failure failed to repair automatic boot issue
